{"cameraMode":{"drawMode":0,"name":"Shaded","section":"Shading Mode"},"sceneLighting":true,"audioPlay":false,"sceneViewState":{"m_AlwaysRefresh":false,"showFog":true,"showSkybox":true,"showFlares":true,"showImageEffects":true,"showParticleSystems":true,"showVisualEffectGraphs":true,"m_FxEnabled":true},"in2DMode":false,"pivot":{"x":-1.994371771812439,"y":1.2255825996398926,"z":1.0565588474273682},"rotation":{"x":-0.2102268487215042,"y":0.004983254708349705,"z":-0.0010715005919337273,"w":-0.9776400327682495},"size":10.672152519226075,"orthographic":false}